{
	"info": {
		"_postman_id": "493449ab-c60a-4873-bd0e-2e566103492a",
		"name": "api-employees",
		"schema": "https://schema.getpostman.com/json/collection/v2.1.0/collection.json",
		"_exporter_id": "27709775"
	},
	"item": [
		{
			"name": "Consultar empleados",
			"request": {
				"auth": {
					"type": "edgegrid"
				},
				"method": "GET",
				"header": [],
				"url": {
					"raw": "http://lb-prod-1845552211.us-east-1.elb.amazonaws.com:8000/employees",
					"protocol": "http",
					"host": [
						"lb-prod-1845552211",
						"us-east-1",
						"elb",
						"amazonaws",
						"com"
					],
					"port": "8000",
					"path": [
						"employees"
					]
				}
			},
			"response": []
		},
		{
			"name": "Consulta un empleado",
			"request": {
				"method": "GET",
				"header": [],
				"url": {
					"raw": "http://lb-prod-1845552211.us-east-1.elb.amazonaws.com:8000/employees/17",
					"protocol": "http",
					"host": [
						"lb-prod-1845552211",
						"us-east-1",
						"elb",
						"amazonaws",
						"com"
					],
					"port": "8000",
					"path": [
						"employees",
						"17"
					]
				}
			},
			"response": []
		},
		{
			"name": "Nuevo empleado",
			"request": {
				"method": "POST",
				"header": [],
				"body": {
					"mode": "raw",
					"raw": "{\r\n  \"name\": \"Carlos de Tumbes\",\r\n  \"age\": 6\r\n}\r\n",
					"options": {
						"raw": {
							"language": "json"
						}
					}
				},
				"url": {
					"raw": "http://lb-prod-1845552211.us-east-1.elb.amazonaws.com:8000/employees",
					"protocol": "http",
					"host": [
						"lb-prod-1845552211",
						"us-east-1",
						"elb",
						"amazonaws",
						"com"
					],
					"port": "8000",
					"path": [
						"employees"
					]
				}
			},
			"response": []
		},
		{
			"name": "Modificar empleado",
			"request": {
				"method": "PUT",
				"header": [],
				"body": {
					"mode": "raw",
					"raw": "{\r\n    \"name\": \"Pablo Pico\",\r\n    \"age\": 20\r\n}\r\n",
					"options": {
						"raw": {
							"language": "json"
						}
					}
				},
				"url": {
					"raw": "http://lb-prod-1845552211.us-east-1.elb.amazonaws.com:8000/employees/18",
					"protocol": "http",
					"host": [
						"lb-prod-1845552211",
						"us-east-1",
						"elb",
						"amazonaws",
						"com"
					],
					"port": "8000",
					"path": [
						"employees",
						"18"
					]
				}
			},
			"response": []
		},
		{
			"name": "Eliminar empleado",
			"request": {
				"method": "DELETE",
				"header": [],
				"url": {
					"raw": "http://lb-prod-1845552211.us-east-1.elb.amazonaws.com:8000/employees/18",
					"protocol": "http",
					"host": [
						"lb-prod-1845552211",
						"us-east-1",
						"elb",
						"amazonaws",
						"com"
					],
					"port": "8000",
					"path": [
						"employees",
						"18"
					]
				}
			},
			"response": []
		}
	]
}